Date,Parcelle,pH,Azote,Phosphore,Potassium,Humidite,Temperature
2020-01-01,Parcelle B,6.249080237694725,0.2544410551203097,0.07463986968964895,0.1529584096016525,29.693220282707923,20.606042664983164
2020-01-02,Parcelle C,7.401428612819832,0.4844762255295657,0.17218620803470736,0.16614586272105264,42.561648852074605,10.839024468632726
2020-01-03,Parcelle A,6.96398788362281,0.46214025678242554,0.14977958310443004,0.15593147864327636,15.329651515399537,29.369775551887678
2020-01-04,Parcelle B,6.697316968394073,0.1783164539157186,0.1284598137153679,0.333875342070026,42.8922652301518,25.97428383309149
2020-01-05,Parcelle C,5.812037280884873,0.1277445203500662,0.10382457261852539,0.20503757775001905,59.97068628853333,15.856440734019294
2020-01-06,Parcelle C,5.8119890406724055,0.14031120055097068,0.18158008112196627,0.11735280296901893,12.410601943027801,29.599406587177015
2020-01-07,Parcelle C,5.616167224336399,0.1072887302606199,0.10886676611339532,0.39073078904224345,58.858709211065865,22.037631792726444
2020-01-08,Parcelle C,7.23235229154987,0.13777718430237137,0.1724899159207366,0.3651357654890277,30.345398036143532,21.64845316414493
2020-01-09,Parcelle C,6.702230023486417,0.37320270936654276,0.11587023628553278,0.3783256849585639,53.537672516862955,24.961463588590643
2020-01-10,Parcelle B,6.9161451555920905,0.1284754593840916,0.10654166441373615,0.3984723467939306,49.11927420291367,26.23539576180275
2020-01-11,Parcelle B,5.541168988591605,0.22759025211750453,0.11940196785044098,0.1521685747658462,38.35081304933339,23.129572146630053
2020-01-12,Parcelle B,7.439819704323988,0.4379501243877818,0.09520668112462133,0.21887260567079764,46.92246046256633,12.561914927324
2020-01-13,Parcelle B,7.164885281600844,0.10930877429433035,0.1621414070264377,0.32747154271122747,53.9257780650674,16.765350119889966
2020-01-14,Parcelle A,5.924678221356553,0.42578739303557434,0.12540805851387188,0.3088061854161377,30.20701608255165,28.561672806520995
2020-01-15,Parcelle B,5.863649934414202,0.21274190990935998,0.08483190427202261,0.14616877190195654,26.351658078161936,14.492312236877039
2020-01-16,Parcelle C,5.866809019706867,0.1472659310486625,0.18493618599118528,0.3447499374971854,43.379669278179236,17.443340476750265
2020-01-17,Parcelle C,6.1084844859190754,0.3786948661456603,0.10758368320598172,0.16733217155099822,50.39229709706293,18.64153765888392
2020-01-18,Parcelle B,6.549512863264476,0.3515771387119536,0.1315329291670983,0.16714528444678695,48.11425673883079,18.788099793889046
2020-01-19,Parcelle C,6.363890037284231,0.4509888054108212,0.18597081664468207,0.2610923268680241,49.89068244293173,22.25879164989051
2020-01-20,Parcelle B,6.082458280396084,0.3940284175215544,0.14363569938709883,0.277881980452511,31.77916574064665,28.86151675489415
2020-01-21,Parcelle C,6.723705789444759,0.42139237215393943,0.06753470610625462,0.2740258623513434,50.89171080875108,14.8138542366501
2020-01-22,Parcelle A,5.778987721304084,0.2128138290285226,0.1909748185420213,0.12744605121932648,16.01045276853042,12.43002752601836
2020-01-23,Parcelle A,6.084289297070436,0.17097581751188912,0.1441562079607127,0.3632382587891142,37.22445489804248,13.949409797198747
2020-01-24,Parcelle B,6.232723686587383,0.40024590065634336,0.10023584219856294,0.17968001277661183,10.287933024906078,27.73849800418539
2020-01-25,Parcelle B,6.412139968434072,0.42273389570690567,0.07089081089950809,0.13885447638484127,26.229291495013516,22.91621625310412
2020-01-26,Parcelle B,7.070351922786028,0.4962020568002693,0.1691037783905444,0.36662442396069317,28.323076743569892,15.718135784783202
2020-01-27,Parcelle C,5.899347564316719,0.26504707076457057,0.14301091338927704,0.3866954494689261,29.80863458046277,26.318938779372345
2020-01-28,Parcelle B,6.528468876827223,0.24880723431711327,0.13001916379644823,0.35863828517963525,44.773360334493105,27.22739992726872
2020-01-29,Parcelle A,6.684829137724085,0.4105651842967988,0.18408388745764365,0.34285482241746346,29.427905063517287,26.930286773805562
2020-01-30,Parcelle C,5.592900825439996,0.23632141610120716,0.16828958168367963,0.29657259419170656,32.43468113112653,28.37853067279109
2020-01-31,Parcelle B,6.715089703802876,0.4723029302414259,0.07275123195991268,0.2652572111827418,21.877206543716373,15.04482040346723
2020-02-01,Parcelle C,5.841048247374583,0.4433651007372047,0.09675831016933224,0.12609602797342306,28.662589581467003,25.100838574925568
2020-02-02,Parcelle C,5.630103185970559,0.27159761095000734,0.08727337097216986,0.22253596392120964,21.363481363157575,19.2107899454828
2020-02-03,Parcelle B,7.397771074506666,0.400348427116599,0.16159194388590156,0.21180655510369423,13.659796188422181,26.83997105780123
2020-02-04,Parcelle C,7.431264066149119,0.40181714963387294,0.05502986521036691,0.17792613512809788,40.17242966906889,24.569813543232264
2020-02-05,Parcelle A,7.1167946962329225,0.14124954753437305,0.1354834527306975,0.3170260341065755,43.410639927750815,25.528948929994492
2020-02-06,Parcelle A,6.109227538346741,0.4610211626718267,0.1643688028611036,0.24876272052363127,40.97451730048073,23.12323675362143
2020-02-07,Parcelle C,5.695344228012768,0.30210094897914286,0.18151484551426245,0.12431386477229439,33.17470219002862,13.548575389394138
2020-02-08,Parcelle B,6.868466053024314,0.43058298644309667,0.10131226230738613,0.1660549605849434,28.989289008961492,20.900538377938766
2020-02-09,Parcelle C,6.380304987479203,0.2280198404122447,0.17318859570080194,0.30497762909787884,53.16668247859126,29.693394790490164
2020-02-10,Parcelle A,5.744076469689558,0.4582092913984802,0.06659476054328109,0.12283925784709007,35.9540892568109,28.747761329942378
2020-02-11,Parcelle C,6.49035382022254,0.25568067149366525,0.17696784376017777,0.3553620742146306,33.95909388148655,10.863474715940233
2020-02-12,Parcelle C,5.568777042230437,0.10433506059211935,0.06912329934979737,0.24854395810419233,11.282103290321784,13.296296314588743
2020-02-13,Parcelle A,7.318640804157564,0.46215279056770553,0.1095930935840551,0.24417597319799442,27.06239138130782,12.634575469091239
2020-02-14,Parcelle C,6.017559963200034,0.13651467071445345,0.16959430486693305,0.2777223353978553,29.009780939292853,24.51959819970591
2020-02-15,Parcelle C,6.825044568707964,0.22772545503616595,0.07248761410231608,0.3474042897775448,29.941139044845023,26.3557065971389
2020-02-16,Parcelle B,6.123422152178822,0.480024786820322,0.08438770928489622,0.20434276237065793,39.00861846136661,14.270227326213439
2020-02-17,Parcelle B,6.540136042355622,0.4802428587750225,0.15833788525895998,0.3034048457677191,36.68012733634392,20.11705385903658
2020-02-18,Parcelle A,6.593420558686559,0.3293751552493145,0.15800548048191115,0.26971958919873734,40.39525463967223,26.814060560224
2020-02-19,Parcelle A,5.869708911051054,0.3527348848679197,0.14617214493279462,0.1801084810508264,48.244163077106414,24.65603089532501
2020-02-20,Parcelle A,7.439169255529118,0.2793782087913279,0.15409226667006504,0.3635889959065475,50.649286935804675,20.844744109836967
2020-02-21,Parcelle B,7.050265646722229,0.21728430867922582,0.13140866650213945,0.3392278064820785,45.90615381132472,21.806953809175457
2020-02-22,Parcelle A,7.3789978831283785,0.2314658181479664,0.08776985883604292,0.29753555039752766,57.77618479774674,20.1672109383256
2020-02-23,Parcelle A,7.289654700855298,0.36900738243081543,0.10185439902558793,0.35517451872827266,10.911629133818082,15.950969026376411
2020-02-24,Parcelle A,6.69579995762217,0.40094981177507205,0.07723965752021386,0.3601882602879407,19.788899284177305,21.300439857180322
2020-02-25,Parcelle B,7.343748470046234,0.4166316174903394,0.1862675842000443,0.31250889301451046,10.378143748907107,23.777706041001814
2020-02-26,Parcelle C,5.676985004103839,0.41584725711782156,0.1375087692149181,0.3511039985091017,42.37373570773015,27.466458317216155
2020-02-27,Parcelle A,5.891965724838291,0.13648244121947617,0.11012771251454599,0.3092414385007851,54.90152744749935,22.72582707958496
2020-02-28,Parcelle C,5.590454577821076,0.29776812188103263,0.11930087054661992,0.3040422315280902,22.174114828814965,25.22243074086316
2020-02-29,Parcelle A,6.150660661526529,0.12302350400665772,0.19209250094177233,0.2855834134645553,56.35172723981533,13.201432699091459
2020-03-01,Parcelle C,6.277354579378964,0.31981155292949426,0.07300271046741204,0.3258149918672924,13.013369514478043,19.231149488395797
2020-03-02,Parcelle B,6.042698063547792,0.2766122005493508,0.1379344748025196,0.14758153158792212,56.72180134027572,10.186632396541865
2020-03-03,Parcelle B,7.157475018303859,0.45508167310331993,0.1258833018326699,0.3642612277596786,27.58113436198172,14.93357729043246
2020-03-04,Parcelle A,6.213506653387179,0.2403660050208315,0.1417181353151972,0.36155305832356965,15.071041422460826,24.529234302260097
2020-03-05,Parcelle C,6.061869019374761,0.14682680657104236,0.05271652757312608,0.10877418491036775,34.293587959316284,29.83619902698727
2020-03-06,Parcelle B,6.585392166316497,0.15719667282113436,0.18081858634162273,0.34774502516942885,22.838828386025398,11.983561991744319
2020-03-07,Parcelle A,5.781848449949525,0.40460425268698896,0.1898177423725419,0.13866096024203356,24.24364509809614,18.029886317225767
2020-03-08,Parcelle A,7.104393961508079,0.34728722532650447,0.13476997753838135,0.20053565627774259,25.364498246314326,26.00141937398319
2020-03-09,Parcelle B,5.649101287359541,0.14044907044911611,0.15449762358153385,0.3230524768874824,50.15129489163317,14.080712692577977
2020-03-10,Parcelle B,7.473773873201035,0.13364272244599898,0.18837490717659439,0.14822796881449246,36.95806383376272,21.101698986045726
2020-03-11,Parcelle A,7.044489538593314,0.38038765258364804,0.15608579514700982,0.3453901072357187,25.565384957800184,24.661425920593494
2020-03-12,Parcelle C,5.897431363068344,0.12910520254567742,0.07288085643713921,0.34964025338732263,40.51668916554592,22.31970900520358
2020-03-13,Parcelle C,5.511044234247205,0.4287440237161425,0.136443254025022,0.2522403201282509,45.80753371115968,13.760494692308322
2020-03-14,Parcelle C,7.1309228569096685,0.3824968908625985,0.14100725695742838,0.10191576151505008,23.631200036676688,17.107691373714786
2020-03-15,Parcelle A,6.913714687695235,0.13253951225675992,0.11361960069535791,0.18611143995247387,30.677455076267577,25.675835689707945
2020-03-16,Parcelle B,6.958014336081975,0.13393508563407677,0.16046663534370845,0.2850780755127227,16.09430466684738,21.084530282640333
2020-03-17,Parcelle A,7.042540693371891,0.4946558314004702,0.19015505221535223,0.3943558534082271,19.057467476734015,10.104592270858255
2020-03-18,Parcelle B,5.648089303468181,0.24970831830244813,0.18883527693601648,0.28954405810500056,44.05589269824914,25.219815200561875
2020-03-19,Parcelle C,6.216931457088545,0.24825685882675638,0.11762590571061983,0.17794107431924794,19.071917384781347,10.706227098804781
2020-03-20,Parcelle C,5.731738119050259,0.4251198269030011,0.0669857068761133,0.29020171092988345,36.258169183353004,24.914675654624645
2020-03-21,Parcelle B,7.226206851751187,0.4788994309535435,0.1977261798443502,0.2619956139147567,45.452313086121634,14.049611203304748
2020-03-22,Parcelle B,6.746596253655116,0.4944004255291484,0.17583471296689013,0.3339536185453431,15.343846154737193,29.161469602387605
2020-03-23,Parcelle A,6.161796049705298,0.4013512741035766,0.06869940218049003,0.13209419164808753,38.36561098144517,17.35881502604169
2020-03-24,Parcelle C,5.6271167005720475,0.2505038342123663,0.18812628239260587,0.3283083707506085,22.82813918506819,16.538632326761583
2020-03-25,Parcelle A,6.121964643431324,0.13340028667946752,0.18048445430931925,0.2623799736028331,58.14634376187899,12.977761006648894
2020-03-26,Parcelle A,6.150366644053494,0.41085876637097474,0.12782570856891085,0.38889760115769845,34.17728233599624,16.112084309804295
2020-03-27,Parcelle A,6.959212356676128,0.32336169989432206,0.1386913153617394,0.20256164981160585,50.299627488757906,27.53301523656401
2020-03-28,Parcelle C,6.7751149427104265,0.26968880369879056,0.10985040558051955,0.2897865679401845,37.51132710781309,29.926686752544946
2020-03-29,Parcelle A,7.274425485152653,0.46254175403789444,0.0582142458233047,0.3796084316530053,12.170626642740958,17.366190610136968
2020-03-30,Parcelle A,6.444429850323899,0.14447899292246055,0.10027958624688516,0.1307529183972038,41.657568779701116,18.97221261909085
2020-03-31,Parcelle A,5.739188491876604,0.29705004171634364,0.17042801728970175,0.38116854617093543,57.570167110332854,24.441418764054742
2020-04-01,Parcelle A,6.92648957444599,0.10454145790696763,0.05069480345069043,0.30636571669024404,40.080591007316556,27.72391560930149
2020-04-02,Parcelle A,7.021570097233795,0.28746425679765053,0.10002487575367164,0.12035111773155158,50.95944297133951,21.860886683735682
2020-04-03,Parcelle A,6.622554395138993,0.12252131027273494,0.1097253040386415,0.1902890700840449,54.21032316742039,17.830513963556587
2020-04-04,Parcelle C,7.041934359909122,0.14752716650722877,0.13060934044068845,0.3124516265935845,21.403988597446624,18.252436816972477
2020-04-05,Parcelle A,6.4875911927287815,0.14701049871084196,0.18797834246191408,0.12020518044063153,20.602241995411333,23.912362929936137
2020-04-06,Parcelle B,6.545465658763988,0.3596841208464254,0.1019518991548942,0.274651138052882,40.54904944254959,10.064365272085574
2020-04-07,Parcelle A,6.355082036717099,0.39841795170616934,0.10204298028443416,0.20376491708588704,30.551423490335235,22.391786749196815
2020-04-08,Parcelle A,5.55083825348819,0.33334750603886387,0.1606251872164623,0.28627465533024316,51.99306514333602,17.109860208827147
2020-04-09,Parcelle C,5.7157828539866085,0.48486901938981675,0.11783269113347108,0.11372261014375386,55.00115616990056,25.883946625541686
2020-04-10,Parcelle C,5.562858371373468,0.24994823180948164,0.0836907234409973,0.3614610418457129,27.671068965135905,11.859812796462643
2020-04-11,Parcelle B,6.772820822527561,0.2142848345127443,0.11786592741990402,0.3920466907532191,21.843527948724102,21.76404533896781
2020-04-12,Parcelle B,6.128711962152654,0.4474396512757841,0.07112855305696998,0.3906633565857075,49.026275762193094,19.619457797722475
2020-04-13,Parcelle C,6.517141382329406,0.18943833540778107,0.0764580479759335,0.32489554952287747,23.740301777406806,22.846510518104548
2020-04-14,Parcelle C,7.315132947852186,0.4852890157762445,0.12475516591092198,0.1390258720391896,51.13071592568392,11.297071889659367
2020-04-15,Parcelle A,5.99858445829775,0.10486178987592654,0.11283881742568219,0.3274789587787068,31.18691268243814,21.599675748562625
2020-04-16,Parcelle C,6.320765846071259,0.48795153068305563,0.18722688516021502,0.10737607493764045,43.37749496457352,21.229691759190473
2020-04-17,Parcelle B,7.011102277086097,0.11726396478023045,0.10435908486749498,0.10663706545869918,14.77676569173341,21.213201888323418
2020-04-18,Parcelle A,5.957596330983245,0.4564572454792285,0.13708825254170653,0.1970830657448624,41.19296623382865,22.069753331929096
2020-04-19,Parcelle B,5.653959819657586,0.3110804436345199,0.14483964318792958,0.24659295712139975,32.588383936861455,23.529358744527244
2020-04-20,Parcelle A,6.079502905827536,0.4971859184477202,0.05196416848825005,0.33112222534233804,39.330423158773705,26.099779993615396
2020-04-21,Parcelle C,5.822442574508009,0.12951862589415955,0.1495306058025066,0.30498861298195157,18.400710387243173,15.396414402564286
2020-04-22,Parcelle B,7.359395304685146,0.3215417137605283,0.07670539503046273,0.23377081191302454,46.843687247209104,26.500988203601242
2020-04-23,Parcelle A,7.116240759128834,0.4877210142476396,0.1941605476204183,0.18208799988449978,53.13985387716143,19.96511364526907
2020-04-24,Parcelle A,6.766807513020847,0.30923913766805955,0.07229940916296695,0.39913735004731343,20.836990004538784,11.541165582686624
2020-04-25,Parcelle C,7.242921180375435,0.351759455254105,0.11219361855905358,0.2278543906707919,14.785727776008086,11.171018584879583
2020-04-26,Parcelle C,7.107344153798229,0.3782994755938469,0.06280245021179659,0.23541610729890267,11.18192930231682,16.684766373921214
2020-04-27,Parcelle C,5.8731401177720715,0.2818164259071093,0.19953113777689213,0.14908714635750075,42.0985750221633,25.69793954222935
2020-04-28,Parcelle B,7.285117996979956,0.3510232320336254,0.12532925154968638,0.33844286462497886,40.35470180443904,24.153618694818313
2020-04-29,Parcelle A,6.578684483831301,0.3337257247692401,0.1393077525980066,0.30810466773444667,37.3348706357035,25.77229929344813
2020-04-30,Parcelle C,7.114880310328125,0.46046320419639564,0.060061471608264125,0.16623088383662815,21.597354805798773,20.345381128832187
2020-05-01,Parcelle B,7.292182599846987,0.11817855213658315,0.1624940705598767,0.12471431368475282,29.545299795275735,18.80397995910981
2020-05-02,Parcelle B,6.136006949943727,0.21238527583689215,0.08148583896433786,0.304149790622414,39.72381675930865,12.949050534125679
2020-05-03,Parcelle B,5.720103849055354,0.48016459363062347,0.18470814341610708,0.2963533642843406,34.83834294295847,16.56385507218623
2020-05-04,Parcelle C,5.955870325083883,0.4561055135563665,0.08077094607230108,0.18197785809946282,59.38927601074437,18.680387323477504
2020-05-05,Parcelle C,6.354215577252512,0.2822627011142852,0.07860315809954999,0.38525906867512316,16.821987627836656,11.772008593592345
2020-05-06,Parcelle A,7.1360295318449865,0.3480530391206147,0.05548245017721423,0.14531736753427008,44.75722770237969,14.412239054224225
2020-05-07,Parcelle A,7.221461166512687,0.21095247319245308,0.1208100417664999,0.22970044031278058,30.215938405214608,21.964505881274775
2020-05-08,Parcelle C,5.513904261062382,0.17524846388950455,0.13472616998939246,0.3830847760502797,31.409980746280738,24.713262284783795
2020-05-09,Parcelle B,6.521494605155132,0.2854793619759929,0.05985629591425286,0.22591819507783673,45.87988828290881,29.966950227858995
2020-05-10,Parcelle B,6.334822006297558,0.24134089121042113,0.16632914250425163,0.2915577842992257,44.62180756621848,28.662266626871155
2020-05-11,Parcelle B,5.944215620941461,0.3334624447403488,0.11799332521220415,0.2192783193888383,59.56279968510942,22.85130399070383
2020-05-12,Parcelle A,5.739730734667366,0.13109385478599395,0.12865854039913702,0.182264560704601,16.41971447270626,18.42496106588144
2020-05-13,Parcelle B,6.1752303428072555,0.4897579230664666,0.11611441204073424,0.3951932943879485,15.205482469208317,22.723547294164653
2020-05-14,Parcelle A,7.385819407825038,0.4944842977918412,0.11011445913129891,0.22280020189451294,46.216940856437056,25.71303236160464
2020-05-15,Parcelle A,6.14640586404151,0.37926468560789806,0.1339460496962327,0.3682297611037404,38.919345850320454,12.366723818467747
2020-05-16,Parcelle B,6.537581243486732,0.31443854653764813,0.07328603688960689,0.1689863817673259,23.708033327990293,18.198097793925765
2020-05-17,Parcelle B,6.906037917790355,0.2238110465145311,0.07728921957429068,0.16393141120752502,13.97096844944933,26.796045712712345
2020-05-18,Parcelle C,6.227259204758588,0.4255180078827795,0.1792678431520276,0.10934022486535341,14.282912479821526,17.67665903866088
2020-05-19,Parcelle C,7.443564165441922,0.3738924690215517,0.1919173193200449,0.29550004761276555,54.70954373320591,21.437445424543732
2020-05-20,Parcelle B,7.4248945898842225,0.1650467757379565,0.10599639744196296,0.21055790311712835,19.593366235937147,21.755387217243964
2020-05-21,Parcelle A,6.003564591650728,0.46437087379753705,0.09061170097153307,0.3593074749518912,26.16857810577604,13.689525062672788
2020-05-22,Parcelle A,6.494497011784771,0.42901489716926766,0.14659993148585237,0.24196297200746716,21.3328201113494,17.244708833045767
2020-05-23,Parcelle A,6.101756619633539,0.4799199653167696,0.11131012566471447,0.39045802837441657,27.749815291596864,16.690225774838645
2020-05-24,Parcelle A,6.069680988754936,0.39028780335534397,0.05380795334905173,0.15565765471093634,13.47119213730467,10.523934170641295
2020-05-25,Parcelle A,5.573773894709065,0.345366078374316,0.07342288960492856,0.3605869503866833,35.952989545413516,10.483835277827104
2020-05-26,Parcelle C,6.719128667959794,0.26729721451624755,0.15739583432710963,0.3329790558375225,13.380628179610746,26.63394087351547
2020-05-27,Parcelle B,6.505358046457723,0.4730913933416053,0.14883859128652271,0.3312765533932156,50.01782539111808,15.461416199456249
2020-05-28,Parcelle C,5.6029575024999785,0.4464255558001634,0.05406439887552253,0.3534349684350664,21.68560409552165,20.36157532477631
2020-05-29,Parcelle A,6.057292928473223,0.11808746804247577,0.08329582428994242,0.3283071972828997,37.00059573022553,15.974511471775461
2020-05-30,Parcelle A,7.316531771933308,0.11054678979890081,0.08466121948821072,0.2878660964894246,54.00395437807291,28.81358490230681
2020-05-31,Parcelle A,5.979123781333945,0.25058534675121985,0.15078391153980927,0.13937346330471628,42.54386845235971,15.185935177315475
2020-06-01,Parcelle A,5.789789744182446,0.4242213323127332,0.052956580663154625,0.10975785384737557,36.647889327566766,18.593136254778702
2020-06-02,Parcelle B,6.478905520555126,0.4949104517259778,0.06561628729768608,0.3762543543447061,26.21668765576878,27.454605009692038
2020-06-03,Parcelle A,7.471300908221202,0.1601667564414113,0.16998741280597843,0.28499509435622145,26.650095652909897,26.838671335836175
2020-06-04,Parcelle B,5.984110543023001,0.3376522861408541,0.07678169930815004,0.33896118729285296,43.474347759909506,13.722028356925547
2020-06-05,Parcelle A,6.8442710948117575,0.2523563426524086,0.1479119161777812,0.24445670545376505,59.706968061058376,26.05286619591421
2020-06-06,Parcelle B,7.023239230657435,0.4879657591258413,0.08572741715700899,0.13519245668871835,43.09195949246893,19.163737734757852
2020-06-07,Parcelle C,5.9752750879848,0.4368475692542835,0.06491620891390178,0.13755573766076515,37.889170868501246,19.659377441707104
2020-06-08,Parcelle A,6.956432697223719,0.43533148188445514,0.08647582864991812,0.30566958616869144,46.532525511962305,12.669599448318875
2020-06-09,Parcelle B,6.235566265438506,0.2874772639179881,0.15834003977834887,0.22909176846983884,33.26028061418591,11.612030275142493
2020-06-10,Parcelle C,6.764611661187159,0.26592780093506607,0.17835447021594286,0.16015741801010103,13.00711713003926,24.558786139475302
2020-06-11,Parcelle A,6.76705942152179,0.20936282877228252,0.17453297968504877,0.2474783640224311,38.11484079389549,19.929223047105996
2020-06-12,Parcelle A,6.571549368149517,0.12255019866037085,0.10957752944276823,0.11926268112254024,57.88126422526901,18.737014052303593
2020-06-13,Parcelle A,5.680579540108816,0.44588895050202126,0.15021277048559695,0.2745914205743197,18.765147117882982,24.590164573047936
2020-06-14,Parcelle B,7.170604991178476,0.425160403652031,0.08074764431237315,0.1806980213305293,44.50024454103329,25.310257979822197
2020-06-15,Parcelle B,6.141560129943471,0.49988706931445226,0.093972159539152,0.3392677301911565,20.046684432952823,13.17816335338707
2020-06-16,Parcelle C,5.873037020799709,0.49865473482956213,0.184450372778168,0.19310858767707215,36.79138422365406,22.204502989552825
2020-06-17,Parcelle B,5.581550283109528,0.322172682241051,0.051950288526610405,0.23656604472454038,14.83382248233598,12.70708164555371
2020-06-18,Parcelle B,6.681785886376484,0.40759496607220425,0.06282627962817022,0.1034861619724302,32.51854681290926,25.027501720580915
2020-06-19,Parcelle A,6.855128723684565,0.4779062919529712,0.0811829382719041,0.12173406633836767,47.80816644476231,23.139103125342793
2020-06-20,Parcelle A,5.533175657855712,0.4398589562709646,0.05397983058107296,0.21774806692200546,27.378576211949103,29.13229242166916
2020-06-21,Parcelle A,6.524186116598562,0.19893924069727908,0.0772153152634696,0.24398165041513709,43.2455862243609,11.379160327128425
2020-06-22,Parcelle A,5.9529915503958755,0.28021765412403743,0.13745623414545383,0.2800061644357912,49.77249803948646,11.141094423025086
2020-06-23,Parcelle A,6.7903455808189,0.151663766060598,0.11321368258887471,0.187498773612791,56.358890973972635,15.643741493864002
2020-06-24,Parcelle A,5.848732858009983,0.48162041090348895,0.18390075666154626,0.3084945658379628,21.732104092772676,15.23411367471812
2020-06-25,Parcelle A,6.881875476204932,0.342469853780352,0.17261653426076617,0.3580367191567614,29.965795790465407,14.939575981439997
2020-06-26,Parcelle C,6.273470692601075,0.1914571222013851,0.1012726027546814,0.33395529666800494,17.62080066652087,28.125091610420732
2020-06-27,Parcelle C,7.373459977473469,0.3686802737623427,0.08891351501469388,0.11188564760450714,59.62417510791876,14.990923996990123
2020-06-28,Parcelle C,5.7750418882919865,0.3472512961831583,0.10695386122509004,0.2441520841773487,56.35004839621477,15.43899452257262
2020-06-29,Parcelle C,6.1821327021005175,0.24326508721313622,0.13854424137722118,0.13147905352545247,36.99785651402798,25.187965248359276
2020-06-30,Parcelle A,5.726947042481179,0.1454230368798516,0.09020954612343145,0.17261350475875825,52.10166471882106,18.9947968490108
2020-07-01,Parcelle C,7.349387236557126,0.3686292782371199,0.14362233617737014,0.39599877798014393,36.047898863602114,25.534211139103625
2020-07-02,Parcelle A,7.254678706761962,0.30812308036151737,0.11141174782868607,0.14274866287045399,41.17928440013799,11.307323151287704
2020-07-03,Parcelle C,6.015883255430311,0.40892735669425573,0.13280707712779705,0.24966644603540686,14.456221605800831,19.751423873467687
2020-07-04,Parcelle B,6.819968092068358,0.30806540044479735,0.11541897937029752,0.2854467202954358,47.763521024840394,10.672272003665652
2020-07-05,Parcelle C,7.134444400402431,0.440872600127416,0.09416986393128765,0.3107394911632312,16.385674181761743,11.25306406910709
2020-07-06,Parcelle C,6.610401623198925,0.32076273550979423,0.19226799604432354,0.26789460504607426,51.303381512626416,28.12874906688822
2020-07-07,Parcelle A,6.559301156712013,0.3243751886141545,0.16454086912396415,0.10293125422575511,49.101404383519295,12.784907422351903
2020-07-08,Parcelle C,5.983704581800904,0.45066144106333805,0.07101697636496788,0.19793839247319758,45.43723488714882,20.64841364550434
2020-07-09,Parcelle B,5.686205535611799,0.2613931464849588,0.18027019638468694,0.25531349301541345,11.808019026238107,18.221912052014133
2020-07-10,Parcelle A,7.294431515906654,0.1536060913802563,0.12311467973742705,0.12635994974345002,25.15641779726643,16.94686652517685
2020-07-11,Parcelle A,7.3008361143266605,0.1115130705253356,0.18418283403411373,0.20518807936275424,23.155628495542143,27.99666691374545
2020-07-12,Parcelle C,6.766202914546536,0.4020549022694476,0.1699782883920973,0.10996093263740997,28.006820373575955,10.43646793550979
2020-07-13,Parcelle A,6.178059582097402,0.3481238205413859,0.11378202567038503,0.12357354914650623,14.382137338191928,23.275793723511782
2020-07-14,Parcelle A,6.198419149225321,0.3816319072396894,0.053370396248017614,0.21907698286047883,56.84789115155314,29.267888684271007
2020-07-15,Parcelle A,6.951911357740479,0.1851856646035643,0.09030160390774192,0.13981472621291813,37.69011203561881,21.20336366923684
2020-07-16,Parcelle A,7.294220519905155,0.1545485902347079,0.13124513219913003,0.27026225447846747,25.276215532901176,28.736449240661837
2020-07-17,Parcelle A,7.274172848530235,0.10581786626715278,0.14502173297392212,0.3068394907411798,29.849075853714172,11.045157585720474
2020-07-18,Parcelle A,7.059751091715247,0.2402350235226388,0.08868315281498035,0.3401760097327249,32.36012702524178,18.375866381483227
2020-07-19,Parcelle B,6.784063292308575,0.3359670747418533,0.07090341111092363,0.16004507327344303,40.029716668030865,15.203155819241022
2020-07-20,Parcelle C,5.668279929990097,0.25689761803989297,0.1752395355198949,0.15024477467772093,35.78397138482489,24.616419299614595
2020-07-21,Parcelle B,5.823257428189228,0.27498996880949167,0.19766032710553283,0.13137035210032008,55.96959866072087,29.625941809944933
2020-07-22,Parcelle A,7.297108377054158,0.4616634777974994,0.1288535273454029,0.29092907486309105,34.84817414529151,15.130601248884956
2020-07-23,Parcelle A,6.71285811931918,0.23930218680932014,0.07575189287724553,0.3119427179460704,59.607900741165636,23.08349202948149
2020-07-24,Parcelle C,5.518394103233259,0.30559579566392436,0.09084609897790535,0.10947584344769262,52.571247887254785,13.961952655194803
2020-07-25,Parcelle B,5.702943085732064,0.41346120509645723,0.05275860148212001,0.38086367387310704,20.42552571786679,21.306605091432196
2020-07-26,Parcelle C,6.827003538216111,0.2586171129285081,0.18714482098407487,0.11559138509544173,56.52976073219581,19.278649733766724
2020-07-27,Parcelle B,5.510123167692438,0.3488346800911494,0.06766266243352118,0.26238890059032116,15.818319894273804,29.44010659263074
2020-07-28,Parcelle A,5.821616102834997,0.4449454834986981,0.13647747132713806,0.31271815583527496,50.87248542455958,22.170545453929332
2020-07-29,Parcelle C,6.5974675787331725,0.4798082494630569,0.09110828310308092,0.36129073712382576,29.031164673829004,16.990127441736377
2020-07-30,Parcelle C,6.883790395385386,0.1588293923716152,0.133126700377369,0.3142260796397284,53.898716022253474,12.281915697758667
2020-07-31,Parcelle A,6.8039225190052015,0.4706350500645978,0.14771305825277964,0.3405184249209376,53.40283450537252,13.02493657469869
2020-08-01,Parcelle C,5.94853861892112,0.2968465172318153,0.17446127055608027,0.20183505776284183,50.296270005881055,14.506338599024701
2020-08-02,Parcelle B,6.9243584426950715,0.20329775531958336,0.08096319076409049,0.3444475341239537,49.50152181535307,15.01933322680596
2020-08-03,Parcelle B,5.974498174993601,0.28365430249530454,0.051649374298772074,0.12403445391540255,25.23395695490204,27.012321156822757
2020-08-04,Parcelle B,6.1507993963185355,0.49201303011419084,0.0705328445103211,0.36844499681815834,14.04596415256261,21.224455765650497
2020-08-05,Parcelle B,6.9929828102360485,0.29704723759714785,0.18500279627721578,0.2642777128461209,30.149008938258074,20.467818227487328
2020-08-06,Parcelle A,6.79926579809443,0.2315006441150033,0.1810835116343773,0.34518933098874816,18.676225749325432,12.29537743738435
2020-08-07,Parcelle C,7.198446820988356,0.3533603417266903,0.13961196532554626,0.23569548535549006,44.747554445123086,27.2027938669887
2020-08-08,Parcelle B,6.8152257846006865,0.19605824751127723,0.14007752906504803,0.2930733085589575,27.304986326889278,24.456286064169674
2020-08-09,Parcelle A,6.636617206670943,0.1303453312434656,0.14975550118193834,0.25792079828083403,58.78051004299574,11.353367238000033
2020-08-10,Parcelle C,5.687349535656185,0.1515518887642597,0.07630569179351744,0.31947685652659963,42.0486038672666,24.156701944595373
2020-08-11,Parcelle C,6.235431606118867,0.151218335583109,0.187161791888744,0.12448899460917688,51.124028181718046,20.870764346852923
2020-08-12,Parcelle A,6.030404735363451,0.16076107740491774,0.11281557873381098,0.11810562519716915,16.626233637092422,11.634506914935566
2020-08-13,Parcelle A,5.987979286758167,0.15553086905976407,0.10747077923742462,0.17413097020304397,53.10072411363113,19.16601283057313
2020-08-14,Parcelle B,7.446021109504891,0.3563498979212859,0.12783765579242565,0.1478634040339565,56.13785952566972,19.69392574260094
2020-08-15,Parcelle C,6.286195449333521,0.17275203375965792,0.05704489501625826,0.3615350699776605,34.353095940946794,13.315490803265515
2020-08-16,Parcelle C,7.284093110354227,0.2382669133295453,0.07494250531341191,0.1657641962074133,40.31264688754887,28.913962940005646
2020-08-17,Parcelle A,6.762277251994526,0.45871536396240475,0.1607050424639556,0.39275957674573947,48.24049004514977,26.99950742961324
2020-08-18,Parcelle C,7.089622607083297,0.28958465610514894,0.06241980018876898,0.2010687375313321,18.741931363020626,23.380446746582166
2020-08-19,Parcelle B,6.505274186210384,0.36702309540841094,0.14047281641995824,0.1546353747066098,35.12830382317212,19.245911220012143
2020-08-20,Parcelle C,6.653807769252718,0.16892794848065196,0.08680236645219816,0.33690955214274376,29.933151388615656,18.23531083169017
2020-08-21,Parcelle A,6.485035387637728,0.17691560752346833,0.10839434210629649,0.2976123326502629,17.318699608112453,23.019469343019082
2020-08-22,Parcelle A,5.890485975596089,0.11634744650659155,0.093304060515605,0.2494587149359417,28.376721114576572,20.90863738813811
2020-08-23,Parcelle B,6.944904230523011,0.16757402522886583,0.10335090746974238,0.26660906528128936,13.408615469274679,11.245462117637713
2020-08-24,Parcelle B,6.061544724881712,0.21143613561278346,0.15785688577763685,0.3157605334816792,11.29059534747435,20.250052975406632
2020-08-25,Parcelle C,5.548631932862907,0.17080419371069872,0.09456825734347626,0.16853642239938965,16.758314457741136,26.12807234465679
2020-08-26,Parcelle C,6.790944591814336,0.13548101350282227,0.1349606960445346,0.39890017481702267,58.15575557945869,19.184797551939162
2020-08-27,Parcelle A,5.854221358814097,0.14825434844024032,0.12140756032986497,0.39243794864403503,37.47647679475085,11.039131551085369
2020-08-28,Parcelle B,7.380917168705828,0.2843115072130903,0.14955067480439724,0.29509770590408113,58.291108057661,25.725563987680662
2020-08-29,Parcelle B,7.407857154005175,0.182533487362317,0.19052446089871372,0.15986273527874356,31.6248939165066,14.027275642719488
2020-08-30,Parcelle B,7.329728780440897,0.2457079444192302,0.15988581458153756,0.3040684727293874,25.590806654262977,15.172416697760776
2020-08-31,Parcelle C,6.240317400510889,0.3013669083419428,0.08224105678861351,0.12165952269375277,35.30709314201221,13.294127068645917
2020-09-01,Parcelle B,5.530913233057735,0.37615793145174614,0.0546774702591927,0.10919575066174182,31.975584431645505,16.60430129742995
2020-09-02,Parcelle A,7.3566371251754505,0.11572485593643958,0.08933960664497377,0.17730486655336414,15.283234213087196,25.1350301137727
2020-09-03,Parcelle A,6.356368296634629,0.4197641595636171,0.13926168960503824,0.23878688702179493,42.04131573451031,20.387717190078746
2020-09-04,Parcelle C,7.433309638087339,0.35116015579636317,0.05771387202263756,0.36048175162251417,20.80190912547998,14.097625483014252
2020-09-05,Parcelle C,7.427239954178505,0.13270361277954879,0.12445493708018547,0.31815072092989244,40.97939774489148,27.556601563040818
2020-09-06,Parcelle B,7.20601891093472,0.44943144964271087,0.1395264273375334,0.3228119563599944,42.51005461990767,27.591637099030585
2020-09-07,Parcelle C,6.088897784139172,0.4683489602127253,0.10013658362254413,0.22764800033442262,17.601242656432404,27.41156850092014
2020-09-08,Parcelle A,6.270195457203851,0.12443118394194551,0.1656368305618733,0.2037804977640889,13.067481355533408,14.775924227630785
2020-09-09,Parcelle B,7.202273343033713,0.2107510592588815,0.06598973797006577,0.21131162889538083,49.03807930342199,19.02478688361976
2020-09-10,Parcelle A,6.133844010312555,0.4224805119172246,0.06127066726037132,0.39629486912081735,32.99002118846601,29.699793122817503
2020-09-11,Parcelle B,5.838985493372185,0.3993038761534634,0.1592283134305405,0.11203275742374474,12.90818977527379,25.440249526199807
2020-09-12,Parcelle C,6.6136025249167005,0.17380840774255094,0.12432369743092979,0.36010944883673457,59.74331585848836,10.543348424511196
2020-09-13,Parcelle B,7.372309548321562,0.18373972933468413,0.15326035946416044,0.2736026225717181,12.889028049818332,11.304091825209841
2020-09-14,Parcelle B,6.892059593349946,0.24818884111655282,0.11522410079056195,0.23158462575687716,44.75176144292766,19.278627536246656
2020-09-15,Parcelle A,6.6401223401787295,0.29380919407640854,0.08696030498586603,0.317577298124541,59.18394626317068,28.184404117231203
2020-09-16,Parcelle A,5.694352987541537,0.3473019086121184,0.17286534765112999,0.24600068242741088,21.95900521079628,20.774035959054284
2020-09-17,Parcelle B,6.73001445339834,0.24756545582790898,0.1699123818453469,0.36202697142449825,17.11246843435981,19.956250160685805
2020-09-18,Parcelle C,7.480107700208526,0.2850138864532592,0.15420447062816403,0.37021055920337764,16.069246971121444,12.10947399913261
2020-09-19,Parcelle C,5.780168030473048,0.3989883752535026,0.09082177058449442,0.22651627806203664,25.163757378379778,23.135602094485883
2020-09-20,Parcelle A,6.536659304727474,0.11467328115623916,0.13853460003036308,0.1830483391705155,15.052290550532334,26.44206321200451
2020-09-21,Parcelle C,7.254746143855911,0.2009747777376083,0.10414608454100403,0.27770509857800874,44.6080670847066,17.608400150151247
2020-09-22,Parcelle A,6.981537235508409,0.385339834353821,0.06373731099899513,0.37370900368500737,13.114589906503134,25.51223701850655
2020-09-23,Parcelle C,6.894031481990536,0.45808273507487973,0.18759703631933644,0.16319865670169997,35.471106407489486,29.289533078016234
2020-09-24,Parcelle B,6.904968167974219,0.30467097684626643,0.07052279463784422,0.2868899750690449,59.83484269264884,14.075329182553782
2020-09-25,Parcelle A,6.21898230243951,0.3128453941061263,0.1925356030731204,0.2894680660277562,50.69851347530094,20.466592623894826
2020-09-26,Parcelle A,6.087183688528986,0.14286880453591044,0.11690086594369338,0.3199339067245843,40.76097191155054,15.742759161691511
2020-09-27,Parcelle B,7.118722310957027,0.2789649467293819,0.07776993932579296,0.13947030553817796,25.312681039330585,25.857088380676785
2020-09-28,Parcelle A,7.1202267893583615,0.3130469065820093,0.13128514210675374,0.3147474894046266,41.19479181458192,21.55186731762315
2020-09-29,Parcelle C,7.234144637160208,0.19698820145389187,0.18094187538146128,0.3727097561996924,36.35207319558258,22.691648351006073
2020-09-30,Parcelle C,7.326481105112943,0.2076972923797524,0.15983373296143422,0.1539049326610726,31.304169194518575,25.958283192317882
2020-10-01,Parcelle A,6.522684797721876,0.2509136652418491,0.17098417217921746,0.1712629974771633,16.535518837009974,17.9194094532491
2020-10-02,Parcelle C,6.503032589374399,0.10802847911109055,0.14881750500660762,0.3914185282124919,54.330210762023334,28.301801368140865
2020-10-03,Parcelle A,7.09659035793355,0.22883166623327134,0.1538414846776779,0.15429308581284695,32.48923244106612,20.6605773449228
2020-10-04,Parcelle B,6.79992786155553,0.18457920279861786,0.1773793477347979,0.35631552801087374,19.731125591038253,13.15909645670696
2020-10-05,Parcelle A,6.903933754515407,0.23099894087116588,0.0874502013288779,0.24768335693441046,28.38796754386448,23.917982363376048
2020-10-06,Parcelle B,7.091585338872202,0.1479048527277005,0.12341374454647108,0.1741693223209531,30.70648762644635,25.86522700876509
2020-10-07,Parcelle C,7.280010683635132,0.456210912295958,0.08318141627294035,0.3612249703817535,51.37689477834371,16.335233541350533
2020-10-08,Parcelle B,6.175990313703071,0.3374369814216195,0.19815020119949706,0.23359157650079967,46.6807190280701,27.14358513997506
2020-10-09,Parcelle C,6.251165905279888,0.3716409276577959,0.191608900952992,0.2544452061789071,48.46524468206699,28.122865095315326
2020-10-10,Parcelle A,5.687963879681738,0.4156684954429354,0.05591402170527589,0.20777001081992974,10.55156322143236,15.538089747556178
2020-10-11,Parcelle C,6.656560281992348,0.29937687957162296,0.15583627587735327,0.27788525543047826,30.807699908988077,29.67042945430444
2020-10-12,Parcelle A,5.571884547593484,0.13476811523496948,0.18878724761234988,0.14905716177550685,34.06720758176618,12.814230560975169
2020-10-13,Parcelle A,6.43119603626492,0.3148426167274191,0.07708630176910003,0.21732446099552824,10.959613841152834,14.0403133680498
2020-10-14,Parcelle B,6.585289269415153,0.33473644720835166,0.13519178458289444,0.39082369670058625,22.990660437251712,13.684496784760523
2020-10-15,Parcelle B,6.073082504256568,0.398175789673732,0.18732324463820632,0.1774400298103383,48.01449115610675,27.87979420015741
2020-10-16,Parcelle B,6.6816665211380215,0.27266381849187177,0.055091896787869826,0.2970209993623877,16.85548528644995,23.085851046499236
2020-10-17,Parcelle B,5.561000499878099,0.1510321211182255,0.154613040087026,0.19755701926740848,36.76550657262958,13.042085664445457
2020-10-18,Parcelle C,5.574696377498428,0.2135103623194898,0.09460235110588262,0.33204193770598023,20.760093600861875,18.806468367366982
2020-10-19,Parcelle C,7.1452011213193165,0.24523291855945406,0.1886594293064796,0.13926209821550495,10.606038732194664,22.30596050139604
2020-10-20,Parcelle C,6.220381282822526,0.35836689653264053,0.19565873677480516,0.39094631352356346,22.060072879977074,11.669281699787666
2020-10-21,Parcelle A,5.754121025303769,0.32831132186756473,0.1916399733670151,0.2361368624150918,58.79368774550269,27.648327368146774
2020-10-22,Parcelle C,6.544486520109609,0.2424386903591385,0.12113213249861958,0.1708151390039392,50.07685559414948,26.072070708830704
2020-10-23,Parcelle C,7.039987106197222,0.4946060995171919,0.179306397648397,0.1220490241990038,57.97883221605167,20.104135471532764
2020-10-24,Parcelle C,5.931642054993686,0.34230992774275487,0.17668240978026056,0.15092737152626223,34.392702196318126,29.342532305183408
2020-10-25,Parcelle B,6.745780951638,0.1948907166943978,0.09786507098648836,0.25593218456680533,15.486809933875175,18.35521958550199
2020-10-26,Parcelle C,5.670694929987536,0.1407129890481615,0.17433732112260164,0.2011009529293859,37.39797444868465,29.682206380729955
2020-10-27,Parcelle A,5.603363442337216,0.16114365567373282,0.0555511452073239,0.3486650097647829,32.71886672799805,23.35839997607254
2020-10-28,Parcelle B,6.562709263136296,0.19838309135380328,0.13944048177230797,0.22926625709854181,52.2178541369808,22.69342546507883
2020-10-29,Parcelle A,6.581270243220213,0.1642725493038223,0.08450132559315546,0.174614281776289,14.90412903921223,13.3190979059157
2020-10-30,Parcelle C,6.7748598029964135,0.1746268096205223,0.06808503286659183,0.285143495981209,34.412056851088906,27.63855516609288
2020-10-31,Parcelle B,6.952182667445323,0.21403806747753884,0.06154298024438138,0.3120331650656338,17.50243323469921,18.549793758412303
2020-11-01,Parcelle A,7.451704158925069,0.16934943811790193,0.15444331638172099,0.15011257237028497,26.233796344503,13.244668115649587
2020-11-02,Parcelle C,6.53260069660239,0.4587061698505701,0.10098124456520993,0.1502857648864953,46.86785386938998,10.25215039951518
2020-11-03,Parcelle A,6.1459129458824915,0.13209349826465688,0.15871501572931423,0.1110014280800629,33.80090646843833,21.19511367276765
2020-11-04,Parcelle A,7.090372389537407,0.30980455582810185,0.05980345111984136,0.3209206045196922,28.794414257288466,20.547992442453527
2020-11-05,Parcelle A,6.041664502524148,0.2641587307958646,0.09729355067459156,0.29914135828654154,29.723813928501766,24.387072447383172
2020-11-06,Parcelle C,6.377942841411272,0.4929514467634426,0.1309236938563006,0.24238926272494418,32.97233842029933,27.805161060356042
2020-11-07,Parcelle C,5.656912762684532,0.14481556086722094,0.16860847472584456,0.3532511346907592,49.25082719185284,11.58813169286059
2020-11-08,Parcelle A,5.550701486830915,0.25914223961829663,0.09781287543981049,0.341701045885016,54.60423444701172,24.629929806807247
2020-11-09,Parcelle B,7.42529682935585,0.48778817331014757,0.14388370646555138,0.2756063093190257,57.76673432519642,13.748238881951645
2020-11-10,Parcelle B,7.171960241024411,0.4462028503575921,0.1828966622354281,0.3604813841539777,49.34516931276475,27.163541063143278
2020-11-11,Parcelle C,6.891948412187396,0.42682882837971203,0.1423794782273457,0.1617523630110305,25.77034478740064,26.38127027723312
2020-11-12,Parcelle C,6.317905888828539,0.20316113081797593,0.08494392121304507,0.13357588581931837,44.40673530432711,20.815875099710887
2020-11-13,Parcelle C,5.846588640141691,0.16835503495602633,0.05366011723348071,0.18092488345509689,31.880156202769598,24.20485597246623
2020-11-14,Parcelle C,5.812874085342172,0.3674572879697724,0.1805148310851395,0.11712605682679447,22.733531102302557,16.287002263674967
2020-11-15,Parcelle C,6.00048579632919,0.4717503956510344,0.053190411627558075,0.25935085840030964,52.04357897129613,19.42335797865629
2020-11-16,Parcelle B,6.598453329412241,0.3227051572055719,0.18120525090262996,0.3809817076884885,11.92131744811625,26.432737954209433
2020-11-17,Parcelle C,6.9291918454001244,0.32864507578796,0.12934057010408181,0.1118030622005529,55.08809960677117,19.185303943464277
2020-11-18,Parcelle A,6.820394753435463,0.21199163746411367,0.19086015477693447,0.13663297420300805,33.0738732312367,17.155965306508836
2020-11-19,Parcelle A,6.059867793891886,0.4077971732767748,0.16981748536604985,0.23565970848503062,41.86007384041402,19.884248945006
2020-11-20,Parcelle B,7.409730561326388,0.17481749942300934,0.19969011658000063,0.3801625052583715,42.96769611028913,26.56498504874437
2020-11-21,Parcelle A,6.975793833391537,0.22947169456169747,0.10260677231775653,0.19484683149302517,54.75588703532682,16.704160947417456
2020-11-22,Parcelle B,6.608708105022801,0.27017457544656676,0.16507824333966906,0.2521704426065178,41.833484108360366,13.475231862714876
2020-11-23,Parcelle B,6.723441492468704,0.30304415147378205,0.11028963704138633,0.11247185771511764,40.696679238003085,24.240280406615614
2020-11-24,Parcelle A,6.33920012485558,0.19696389296603212,0.12198134304558635,0.14450296028862666,13.332602028034497,26.519564254161637
2020-11-25,Parcelle C,5.9954619790023145,0.14593472989568143,0.14412581948275555,0.3959890368876541,35.9204010972602,12.012749570470667
2020-11-26,Parcelle A,6.211945357302524,0.3442480169766531,0.18105156712795084,0.38953560893081374,17.508450040852082,14.797482255118894
2020-11-27,Parcelle A,7.015692220928738,0.2154522212961023,0.1976125203798943,0.1014819942803229,46.87168843607428,12.839439795219878
2020-11-28,Parcelle B,5.528786977259512,0.3324952885690449,0.16524101207967773,0.38554353562697175,35.611096040633726,16.95882823164333
2020-11-29,Parcelle A,5.732145281013833,0.16174508610968094,0.11266501732510008,0.2917359813446502,44.01138896041766,19.007019578108252
2020-11-30,Parcelle B,5.5920052840435055,0.292456040741927,0.11320355034156054,0.36037548835600663,12.083645030119214,24.976526739266127
2020-12-01,Parcelle C,5.58145760463794,0.31303577302063434,0.16063734523833373,0.23642195669015775,14.23960080229016,23.02295169763348
2020-12-02,Parcelle C,7.210921168022015,0.12072941472897077,0.08581657186524536,0.2546788085737751,45.81616940313411,22.418571349568623
2020-12-03,Parcelle C,6.907315718760048,0.23464171127756825,0.0665711169697092,0.2466539740770761,13.604216799933669,17.047498932193086
2020-12-04,Parcelle A,6.448347658174651,0.1537658707755897,0.1031933236461165,0.3000592772638313,13.56283638826293,26.8289510616952
2020-12-05,Parcelle B,5.695668321302003,0.12534998818910711,0.09308584874811227,0.14189537642689387,10.605423761744373,19.42574334796329
2020-12-06,Parcelle C,6.4832317502336645,0.4959840929559781,0.09444621806839852,0.1089920769618034,57.82506991497401,29.58209876030309
2020-12-07,Parcelle B,6.446943541561131,0.2289415379898892,0.0850411626574865,0.1923789824773573,46.875417972950345,22.682842765914735
2020-12-08,Parcelle B,5.846403739820031,0.423949778341854,0.056313978445454285,0.31140422882099406,27.66257042510321,12.525294831290054
2020-12-09,Parcelle C,6.367703298475946,0.20185626190550554,0.05268109021001208,0.16055603563688453,24.826779064382762,23.52355124150868
2020-12-10,Parcelle C,6.297009468794747,0.3726010888895718,0.19815835846040475,0.30202972999747524,27.485161487292476,16.50208030863398
2020-12-11,Parcelle B,6.731700196104433,0.40409114395587464,0.11416597006037936,0.3909736138321812,48.732676559059094,23.72654393372195
2020-12-12,Parcelle C,6.770187301735287,0.3382554962431377,0.10764899707395226,0.12817021473682552,43.068530553520716,11.392822963248115
2020-12-13,Parcelle B,5.590608019544089,0.28863047542006337,0.15194709240396048,0.3017806354675379,19.259778393373395,13.497628743519188
2020-12-14,Parcelle B,6.249225229252943,0.26473636565890746,0.08273808317975964,0.23312506579137138,18.70546676670422,27.114745178115726
2020-12-15,Parcelle C,6.751719831428472,0.23954730661719814,0.19249417759253384,0.36044267631325166,14.919782485669867,14.543591140470298
2020-12-16,Parcelle A,6.506272517160175,0.47181165769913036,0.16795175216233282,0.1531449368342158,43.015135985066905,26.7408225048588
2020-12-17,Parcelle C,7.212979682376645,0.4322477631150917,0.06341165034683893,0.30778778566784937,48.218633111086795,15.585521769088208
2020-12-18,Parcelle A,6.81738726323789,0.48601076426660506,0.11263711636773927,0.3514345868944331,23.2523214162502,22.857638201174154
2020-12-19,Parcelle B,5.825868854162859,0.1497188893942179,0.18186774613432471,0.383384265842207,11.04724805154564,23.88301147019662
2020-12-20,Parcelle B,5.6411374948008595,0.3923469900814577,0.19170980334371157,0.3049744084868938,14.108583373821368,20.25309506290106
2020-12-21,Parcelle A,6.784838556412631,0.47533618272841516,0.12011022668748048,0.24915242920252823,58.39300174225152,16.106213533934625
2020-12-22,Parcelle B,5.553022621083244,0.17249322646626408,0.14201170838160618,0.2853541720603642,24.77223887387101,14.252887527421922
2020-12-23,Parcelle A,6.671551162546926,0.12659850694671101,0.0750550919138113,0.36067149534361553,48.46115739190668,10.663787091248524
2020-12-24,Parcelle A,7.380460482849915,0.3964482597160236,0.1986752939205465,0.27118292399164895,41.23317844271319,16.078928024814477
2020-12-25,Parcelle B,6.650948355751758,0.32978924527196474,0.08475075520751651,0.10911611790905107,29.096981982644795,23.063255810625662
2020-12-26,Parcelle A,6.276339852413043,0.43673151070330885,0.1914097661202689,0.37928460865209335,20.284363109777757,28.766096368969652
2020-12-27,Parcelle C,6.786576436884706,0.1559089506505158,0.1474469973488553,0.3068580253094684,16.069320907970322,27.42408964526104
2020-12-28,Parcelle C,6.416505780983034,0.41810692474395605,0.14116051923182887,0.302954015733174,40.75064840194333,25.321295530706053
2020-12-29,Parcelle B,6.59123357863187,0.18065092801909782,0.1269032766524763,0.16470254571931517,48.7316890318894,25.768946865065974
2020-12-30,Parcelle B,7.38292961755305,0.1654623771462818,0.0846004717576638,0.2976656410697972,42.19521267705653,23.299698069519906
